,Full (23 Feat),Full (23 Feat),Full (23 Feat),Reduced (10 Feat),Reduced (10 Feat),Reduced (10 Feat)
,RMSE,MAE,R2,RMSE,MAE,R2
Decision Tree,2.4304266184386663,1.5680289924018596,0.9317108166183685,2.4565008074543058,1.536203342542933,0.930237711995829
Random Forest,1.70410064188456,1.0606363600574646,0.9664279877121201,1.6937222690100606,1.0296629617393516,0.966835665362877
KNN,2.7882095738997723,1.8051763367463025,0.9101252445770052,2.443918566524426,1.4647326507394764,0.9309505291432913
Gradient Boosting,1.8545214986542928,1.1932387997346785,0.9602396097935918,1.7909719172562648,1.1461413504382656,0.9629178893463932
