,Full Model (23 Feats),Full Model (23 Feats),Full Model (23 Feats),Simple Model (10 Feats),Simple Model (10 Feats),Simple Model (10 Feats)
,RMSE,MAE,R2,RMSE,MAE,R2
Decision Tree,2.701600841437612,1.8511134470163038,0.9034646881227463,2.628637437076956,1.8020689543206223,0.9086086240610491
Random Forest,2.0115413296348295,1.290871684471801,0.946481767927762,1.969917217824886,1.2648598506056696,0.9486737198094684
KNN,3.2162222358048376,2.144835164835165,0.8631842994496431,2.811903009493488,1.6851282051282053,0.8954209935931573
Gradient Boosting,2.0855499701363107,1.3871702802109236,0.9424712366598708,2.0326982659141737,1.3421164123039344,0.9453500622541968
